image_name,target
ISIC_0052060,0.20579864735165046
ISIC_0052349,0.09967260250899436
ISIC_0058510,0.16535293053986994
ISIC_0073313,0.13057304581830423
ISIC_0073502,0.09967260250899436
ISIC_0074618,0.284950360104818
ISIC_0076801,0.11592615205281888
ISIC_0077586,0.09967260250899436
ISIC_0082004,0.08071917674145393
ISIC_0082785,0.20579864735165046
ISIC_0085332,0.08071917674145393
ISIC_0087243,0.17048602728334133
ISIC_0088167,0.11592615205281888
ISIC_0089356,0.17048602728334133
ISIC_0090283,0.19985850165987795
ISIC_0092481,0.19985850165987795
ISIC_0095455,0.284950360104818
ISIC_0095790,0.17048602728334133
ISIC_0097719,0.08071917674145393
ISIC_0099348,0.3206564695291735
ISIC_0101040,0.09967260250899436
ISIC_0101383,0.3925880690433066
ISIC_0105104,0.08071917674145393
ISIC_0108196,0.19985850165987795
ISIC_0112420,0.17048602728334133
ISIC_0114232,0.08071917674145393
ISIC_0115798,0.20579864735165046
ISIC_0116844,0.16535293053986994
ISIC_0126432,0.09967260250899436
ISIC_0131485,0.20579864735165046
ISIC_0131912,0.08071917674145393
ISIC_0131978,0.17048602728334133
ISIC_0139322,0.09967260250899436
ISIC_0142066,0.08071917674145393
ISIC_0143109,0.11592615205281888
ISIC_0148210,0.284950360104818
ISIC_0148937,0.4252260418092167
ISIC_0150213,0.17048602728334133
ISIC_0152553,0.08071917674145393
ISIC_0153127,0.16535293053986994
ISIC_0154289,0.11592615205281888
ISIC_0155813,0.19985850165987795
ISIC_0155983,0.17048602728334133
ISIC_0157088,0.09967260250899436
ISIC_0158761,0.08071917674145393
ISIC_0161963,0.11592615205281888
ISIC_0165178,0.25334433087245073
ISIC_0165230,0.08071917674145393
ISIC_0165615,0.24016322979494087
ISIC_0165617,0.09967260250899436
ISIC_0165674,0.24016322979494087
ISIC_0165928,0.1851431994448696
ISIC_0166561,0.11592615205281888
ISIC_0168125,0.08071917674145393
ISIC_0169378,0.17048602728334133
ISIC_0169575,0.16535293053986994
ISIC_0169906,0.4252260418092167
ISIC_0171865,0.20579864735165046
ISIC_0172678,0.17048602728334133
ISIC_0174800,0.4734379536990612
ISIC_0175014,0.11592615205281888
ISIC_0175798,0.41627201994215474
ISIC_0176152,0.09967260250899436
ISIC_0177083,0.24016322979494087
ISIC_0178235,0.20579864735165046
ISIC_0178258,0.09967260250899436
ISIC_0178428,0.4734379536990612
ISIC_0178741,0.23484398246784025
ISIC_0180057,0.19985850165987795
ISIC_0182213,0.20579864735165046
ISIC_0183334,0.23484398246784025
ISIC_0183449,0.4826049942050561
ISIC_0183658,0.09967260250899436
ISIC_0183771,0.17048602728334133
ISIC_0186715,0.11592615205281888
ISIC_0187786,0.08071917674145393
ISIC_0188485,0.09967260250899436
ISIC_0191895,0.4252260418092167
ISIC_0192184,0.5157278340567415
ISIC_0192807,0.11592615205281888
ISIC_0193289,0.08071917674145393
ISIC_0194115,0.08071917674145393
ISIC_0195744,0.08071917674145393
ISIC_0195995,0.09967260250899436
ISIC_0196159,0.4734379536990612
ISIC_0196622,0.19985850165987795
ISIC_0196807,0.16535293053986994
ISIC_0197182,0.08071917674145393
ISIC_0197440,0.20579864735165046
ISIC_0197860,0.284950360104818
ISIC_0198376,0.34718093103960707
ISIC_0198622,0.284950360104818
ISIC_0199195,0.24016322979494087
ISIC_0199718,0.09967260250899436
ISIC_0199780,0.5248974631242184
ISIC_0200120,0.4252260418092167
ISIC_0204399,0.11592615205281888
ISIC_0204875,0.11592615205281888
ISIC_0205627,0.08071917674145393
ISIC_0206261,0.4734379536990612
ISIC_0206934,0.17048602728334133
ISIC_0207197,0.284950360104818
ISIC_0208233,0.20579864735165046
ISIC_0209640,0.20579864735165046
ISIC_0210915,0.08071917674145393
ISIC_0212435,0.09967260250899436
ISIC_0212468,0.20579864735165046
ISIC_0213848,0.17048602728334133
ISIC_0216203,0.09967260250899436
ISIC_0216447,0.40138295122350737
ISIC_0220438,0.4252260418092167
ISIC_0220466,0.17048602728334133
ISIC_0223354,0.20579864735165046
ISIC_0223463,0.08071917674145393
ISIC_0223760,0.22267677486760282
ISIC_0224309,0.23484398246784025
ISIC_0225471,0.08071917674145393
ISIC_0225894,0.09967260250899436
ISIC_0226234,0.09967260250899436
ISIC_0227767,0.08071917674145393
ISIC_0228452,0.08071917674145393
ISIC_0229266,0.284950360104818
ISIC_0230247,0.2993353222442574
ISIC_0230499,0.08071917674145393
ISIC_0231539,0.08071917674145393
ISIC_0231788,0.284950360104818
ISIC_0232763,0.17048602728334133
ISIC_0235107,0.24016322979494087
ISIC_0235501,0.11592615205281888
ISIC_0235505,0.08071917674145393
ISIC_0235542,0.17048602728334133
ISIC_0238185,0.08071917674145393
ISIC_0238872,0.09967260250899436
ISIC_0239635,0.09967260250899436
ISIC_0240839,0.24016322979494087
ISIC_0241566,0.11592615205281888
ISIC_0243686,0.09967260250899436
ISIC_0243937,0.284950360104818
ISIC_0244266,0.08071917674145393
ISIC_0244465,0.4826049942050561
ISIC_0244617,0.4826049942050561
ISIC_0244885,0.08071917674145393
ISIC_0245273,0.20579864735165046
ISIC_0246008,0.17048602728334133
ISIC_0246211,0.284950360104818
ISIC_0248702,0.09967260250899436
ISIC_0251455,0.11592615205281888
ISIC_0251656,0.09967260250899436
ISIC_0252811,0.24016322979494087
ISIC_0254594,0.24016322979494087
ISIC_0255112,0.08071917674145393
ISIC_0256267,0.09967260250899436
ISIC_0258149,0.4734379536990612
ISIC_0258489,0.08071917674145393
ISIC_0258717,0.23484398246784025
ISIC_0259209,0.24016322979494087
ISIC_0259237,0.08071917674145393
ISIC_0261866,0.11592615205281888
ISIC_0261904,0.24016322979494087
ISIC_0261907,0.41627201994215474
ISIC_0262392,0.09967260250899436
ISIC_0262492,0.08071917674145393
ISIC_0263920,0.4826049942050561
ISIC_0265011,0.11592615205281888
ISIC_0267082,0.08071917674145393
ISIC_0268025,0.17048602728334133
ISIC_0268451,0.17048602728334133
ISIC_0269476,0.40138295122350737
ISIC_0270022,0.08071917674145393
ISIC_0270367,0.24016322979494087
ISIC_0271223,0.08071917674145393
ISIC_0272190,0.16535293053986994
ISIC_0273533,0.09967260250899436
ISIC_0274458,0.11592615205281888
ISIC_0274698,0.08071917674145393
ISIC_0274789,0.17048602728334133
ISIC_0276718,0.24016322979494087
ISIC_0280382,0.09967260250899436
ISIC_0280752,0.08071917674145393
ISIC_0280782,0.20579864735165046
ISIC_0280827,0.284950360104818
ISIC_0281227,0.24016322979494087
ISIC_0282269,0.17048602728334133
ISIC_0282486,0.11592615205281888
ISIC_0282737,0.11592615205281888
ISIC_0284147,0.3206564695291735
ISIC_0284441,0.17048602728334133
ISIC_0284485,0.16535293053986994
ISIC_0285491,0.16535293053986994
ISIC_0285697,0.08071917674145393
ISIC_0286688,0.11592615205281888
ISIC_0287132,0.16535293053986994
ISIC_0287325,0.4252260418092167
ISIC_0288225,0.09967260250899436
ISIC_0290187,0.11592615205281888
ISIC_0291705,0.17048602728334133
ISIC_0292996,0.20579864735165046
ISIC_0294150,0.09967260250899436
ISIC_0296540,0.11592615205281888
ISIC_0297539,0.20579864735165046
ISIC_0297702,0.284950360104818
ISIC_0298417,0.13057304581830423
ISIC_0299870,0.24016322979494087
ISIC_0300002,0.08071917674145393
ISIC_0301547,0.4826049942050561
ISIC_0301769,0.08071917674145393
ISIC_0304467,0.08071917674145393
ISIC_0304666,0.20579864735165046
ISIC_0304667,0.24016322979494087
ISIC_0306094,0.22267677486760282
ISIC_0307004,0.08071917674145393
ISIC_0307411,0.13057304581830423
ISIC_0309192,0.09967260250899436
ISIC_0309503,0.3206564695291735
ISIC_0310320,0.284950360104818
ISIC_0311235,0.20579864735165046
ISIC_0311814,0.4252260418092167
ISIC_0312717,0.08071917674145393
ISIC_0313675,0.24016322979494087
ISIC_0317285,0.08071917674145393
ISIC_0318934,0.3206564695291735
ISIC_0319131,0.3206564695291735
ISIC_0319990,0.15920520360146875
ISIC_0320662,0.24016322979494087
ISIC_0321218,0.11592615205281888
ISIC_0321906,0.17048602728334133
ISIC_0321948,0.4826049942050561
ISIC_0322514,0.08071917674145393
ISIC_0327756,0.20579864735165046
ISIC_0328346,0.4826049942050561
ISIC_0328687,0.08071917674145393
ISIC_0328823,0.284950360104818
ISIC_0329169,0.3206564695291735
ISIC_0329910,0.20579864735165046
ISIC_0330060,0.09967260250899436
ISIC_0330886,0.2283064768128744
ISIC_0332421,0.4252260418092167
ISIC_0332456,0.17048602728334133
ISIC_0334179,0.08071917674145393
ISIC_0335244,0.23484398246784025
ISIC_0335886,0.08071917674145393
ISIC_0336093,0.09967260250899436
ISIC_0338118,0.08071917674145393
ISIC_0338587,0.08071917674145393
ISIC_0339455,0.16535293053986994
ISIC_0340198,0.4252260418092167
ISIC_0340572,0.08071917674145393
ISIC_0341315,0.19985850165987795
ISIC_0343131,0.41627201994215474
ISIC_0343283,0.5157278340567415
ISIC_0346766,0.08071917674145393
ISIC_0347157,0.17048602728334133
ISIC_0348342,0.4734379536990612
ISIC_0350347,0.17048602728334133
ISIC_0350470,0.17048602728334133
ISIC_0351156,0.09967260250899436
ISIC_0351912,0.19985850165987795
ISIC_0352620,0.08071917674145393
ISIC_0353021,0.16535293053986994
ISIC_0355377,0.2283064768128744
ISIC_0358260,0.4826049942050561
ISIC_0358623,0.08071917674145393
ISIC_0359676,0.24016322979494087
ISIC_0359720,0.2283064768128744
ISIC_0361122,0.09967260250899436
ISIC_0366488,0.19985850165987795
ISIC_0367795,0.08071917674145393
ISIC_0367988,0.17048602728334133
ISIC_0368092,0.08071917674145393
ISIC_0368696,0.17048602728334133
ISIC_0369888,0.09967260250899436
ISIC_0370322,0.08071917674145393
ISIC_0371470,0.08071917674145393
ISIC_0371907,0.19985850165987795
ISIC_0372927,0.08071917674145393
ISIC_0372955,0.23484398246784025
ISIC_0372971,0.4252260418092167
ISIC_0373723,0.17048602728334133
ISIC_0375431,0.284950360104818
ISIC_0377642,0.09967260250899436
ISIC_0378391,0.17048602728334133
ISIC_0378668,0.09967260250899436
ISIC_0379549,0.3206564695291735
ISIC_0380224,0.09967260250899436
ISIC_0381595,0.08071917674145393
ISIC_0382931,0.08071917674145393
ISIC_0383641,0.09967260250899436
ISIC_0383780,0.08071917674145393
ISIC_0385415,0.4252260418092167
ISIC_0385463,0.5248974631242184
ISIC_0385865,0.11592615205281888
ISIC_0388802,0.284950360104818
ISIC_0389010,0.17048602728334133
ISIC_0389392,0.22267677486760282
ISIC_0389675,0.08071917674145393
ISIC_0390209,0.09967260250899436
ISIC_0391046,0.17048602728334133
ISIC_0391777,0.284950360104818
ISIC_0392680,0.19985850165987795
ISIC_0392931,0.08071917674145393
ISIC_0393891,0.284950360104818
ISIC_0394533,0.17048602728334133
ISIC_0394763,0.3206564695291735
ISIC_0394802,0.4826049942050561
ISIC_0395681,0.11592615205281888
ISIC_0395885,0.09967260250899436
ISIC_0398134,0.24016322979494087
ISIC_0400652,0.24016322979494087
ISIC_0401679,0.09967260250899436
ISIC_0403198,0.18319140281071586
ISIC_0406137,0.08071917674145393
ISIC_0407054,0.08071917674145393
ISIC_0407220,0.09967260250899436
ISIC_0408372,0.4734379536990612
ISIC_0408969,0.3206564695291735
ISIC_0409388,0.08071917674145393
ISIC_0410649,0.08071917674145393
ISIC_0411243,0.08071917674145393
ISIC_0414776,0.09967260250899436
ISIC_0416431,0.08071917674145393
ISIC_0416708,0.20579864735165046
ISIC_0418978,0.16535293053986994
ISIC_0419005,0.09967260250899436
ISIC_0421107,0.11592615205281888
ISIC_0424070,0.2283064768128744
ISIC_0426960,0.3206564695291735
ISIC_0427371,0.13057304581830423
ISIC_0429551,0.08071917674145393
ISIC_0431350,0.284950360104818
ISIC_0431499,0.17048602728334133
ISIC_0431738,0.08071917674145393
ISIC_0432133,0.25308748545667487
ISIC_0432265,0.09967260250899436
ISIC_0432894,0.11592615205281888
ISIC_0433895,0.09967260250899436
ISIC_0434253,0.08071917674145393
ISIC_0434274,0.16535293053986994
ISIC_0434285,0.08071917674145393
ISIC_0434890,0.09967260250899436
ISIC_0434920,0.11592615205281888
ISIC_0435283,0.17048602728334133
ISIC_0435396,0.09967260250899436
ISIC_0436298,0.24016322979494087
ISIC_0436727,0.08071917674145393
ISIC_0436779,0.09967260250899436
ISIC_0436884,0.34424256710072365
ISIC_0437081,0.20579864735165046
ISIC_0437384,0.09967260250899436
ISIC_0437987,0.08071917674145393
ISIC_0438584,0.20579864735165046
ISIC_0439475,0.08071917674145393
ISIC_0441244,0.16535293053986994
ISIC_0442293,0.08071917674145393
ISIC_0442567,0.08071917674145393
ISIC_0445097,0.284950360104818
ISIC_0446097,0.13057304581830423
ISIC_0446287,0.08071917674145393
ISIC_0446447,0.17048602728334133
ISIC_0448691,0.08071917674145393
ISIC_0450552,0.08071917674145393
ISIC_0451155,0.23484398246784025
ISIC_0451665,0.08071917674145393
ISIC_0452297,0.17048602728334133
ISIC_0453555,0.4252260418092167
ISIC_0454124,0.20579864735165046
ISIC_0454916,0.08071917674145393
ISIC_0456176,0.17048602728334133
ISIC_0456797,0.09967260250899436
ISIC_0457344,0.4252260418092167
ISIC_0457384,0.284950360104818
ISIC_0457494,0.17048602728334133
ISIC_0457530,0.17048602728334133
ISIC_0457688,0.17048602728334133
ISIC_0459718,0.24016322979494087
ISIC_0460023,0.23484398246784025
ISIC_0460170,0.4252260418092167
ISIC_0460323,0.3206564695291735
ISIC_0461615,0.09967260250899436
ISIC_0462037,0.11592615205281888
ISIC_0462120,0.09967260250899436
ISIC_0462327,0.24016322979494087
ISIC_0462336,0.284950360104818
ISIC_0462792,0.284950360104818
ISIC_0463800,0.41627201994215474
ISIC_0464417,0.08071917674145393
ISIC_0465975,0.1851431994448696
ISIC_0467617,0.2993353222442574
ISIC_0468644,0.24016322979494087
ISIC_0469457,0.08071917674145393
ISIC_0470465,0.11592615205281888
ISIC_0470699,0.17048602728334133
ISIC_0473489,0.08071917674145393
ISIC_0474220,0.5248974631242184
ISIC_0476927,0.09967260250899436
ISIC_0477213,0.1851431994448696
ISIC_0477217,0.4252260418092167
ISIC_0477424,0.16535293053986994
ISIC_0477793,0.08071917674145393
ISIC_0477875,0.09967260250899436
ISIC_0477986,0.11592615205281888
ISIC_0479726,0.08071917674145393
ISIC_0479755,0.09967260250899436
ISIC_0480158,0.09967260250899436
ISIC_0481105,0.4252260418092167
ISIC_0482298,0.16535293053986994
ISIC_0482617,0.24016322979494087
ISIC_0485889,0.16535293053986994
ISIC_0486436,0.08071917674145393
ISIC_0487789,0.09967260250899436
ISIC_0488846,0.08071917674145393
ISIC_0490555,0.41627201994215474
ISIC_0492058,0.1851431994448696
ISIC_0493101,0.17048602728334133
ISIC_0493429,0.17048602728334133
ISIC_0493786,0.4826049942050561
ISIC_0495167,0.08071917674145393
ISIC_0495234,0.08071917674145393
ISIC_0495887,0.17048602728334133
ISIC_0495948,0.23484398246784025
ISIC_0497721,0.24016322979494087
ISIC_0498659,0.11592615205281888
ISIC_0500319,0.17048602728334133
ISIC_0500851,0.08071917674145393
ISIC_0501199,0.284950360104818
ISIC_0501295,0.41627201994215474
ISIC_0502032,0.30709732960033603
ISIC_0502364,0.284950360104818
ISIC_0504453,0.09967260250899436
ISIC_0504686,0.19985850165987795
ISIC_0504935,0.41627201994215474
ISIC_0505403,0.17048602728334133
ISIC_0505447,0.23484398246784025
ISIC_0506082,0.284950360104818
ISIC_0506198,0.20579864735165046
ISIC_0508596,0.08071917674145393
ISIC_0509538,0.24016322979494087
ISIC_0510408,0.09967260250899436
ISIC_0510439,0.15920520360146875
ISIC_0510794,0.09967260250899436
ISIC_0511981,0.08071917674145393
ISIC_0513674,0.284950360104818
ISIC_0513808,0.30709732960033603
ISIC_0515041,0.16535293053986994
ISIC_0515737,0.16535293053986994
ISIC_0517531,0.23484398246784025
ISIC_0517673,0.13057304581830423
ISIC_0519860,0.4826049942050561
ISIC_0520611,0.5157278340567415
ISIC_0521580,0.3925880690433066
ISIC_0521689,0.08071917674145393
ISIC_0521877,0.16535293053986994
ISIC_0522569,0.16535293053986994
ISIC_0523596,0.08071917674145393
ISIC_0524466,0.284950360104818
ISIC_0524604,0.09967260250899436
ISIC_0525213,0.08071917674145393
ISIC_0525405,0.17048602728334133
ISIC_0527588,0.4826049942050561
ISIC_0528304,0.3206564695291735
ISIC_0528945,0.08071917674145393
ISIC_0530946,0.08071917674145393
ISIC_0532813,0.09967260250899436
ISIC_0533917,0.17048602728334133
ISIC_0535264,0.284950360104818
ISIC_0535812,0.24016322979494087
ISIC_0536393,0.284950360104818
ISIC_0537310,0.08071917674145393
ISIC_0537430,0.17048602728334133
ISIC_0538335,0.08071917674145393
ISIC_0538391,0.284950360104818
ISIC_0539046,0.08071917674145393
ISIC_0539432,0.09967260250899436
ISIC_0539662,0.11592615205281888
ISIC_0541206,0.3206564695291735
ISIC_0542744,0.16535293053986994
ISIC_0542899,0.09967260250899436
ISIC_0543866,0.284950360104818
ISIC_0544482,0.09967260250899436
ISIC_0545219,0.284950360104818
ISIC_0545222,0.11592615205281888
ISIC_0546119,0.08071917674145393
ISIC_0546506,0.23484398246784025
ISIC_0546632,0.09967260250899436
ISIC_0546682,0.16535293053986994
ISIC_0547086,0.20579864735165046
ISIC_0548182,0.17048602728334133
ISIC_0548968,0.08071917674145393
ISIC_0550777,0.17048602728334133
ISIC_0554395,0.08071917674145393
ISIC_0554507,0.40138295122350737
ISIC_0554535,0.16535293053986994
ISIC_0554819,0.20579864735165046
ISIC_0555540,0.08071917674145393
ISIC_0556297,0.24016322979494087
ISIC_0556505,0.08071917674145393
ISIC_0556568,0.08071917674145393
ISIC_0557285,0.08071917674145393
ISIC_0557595,0.4734379536990612
ISIC_0557850,0.08071917674145393
ISIC_0558458,0.08071917674145393
ISIC_0558563,0.16535293053986994
ISIC_0558899,0.24016322979494087
ISIC_0559101,0.11592615205281888
ISIC_0561202,0.09967260250899436
ISIC_0564203,0.41627201994215474
ISIC_0565070,0.16535293053986994
ISIC_0567332,0.17048602728334133
ISIC_0570796,0.11592615205281888
ISIC_0571162,0.24016322979494087
ISIC_0571336,0.09967260250899436
ISIC_0572486,0.5157278340567415
ISIC_0574930,0.09967260250899436
ISIC_0576125,0.17048602728334133
ISIC_0578316,0.08071917674145393
ISIC_0578354,0.17048602728334133
ISIC_0579350,0.284950360104818
ISIC_0579367,0.24016322979494087
ISIC_0580265,0.09967260250899436
ISIC_0582447,0.09967260250899436
ISIC_0582531,0.08071917674145393
ISIC_0583833,0.17048602728334133
ISIC_0584197,0.4252260418092167
ISIC_0585534,0.20579864735165046
ISIC_0586493,0.3206564695291735
ISIC_0586601,0.13057304581830423
ISIC_0587024,0.09967260250899436
ISIC_0587027,0.20579864735165046
ISIC_0587527,0.20579864735165046
ISIC_0588157,0.08071917674145393
ISIC_0588162,0.08071917674145393
ISIC_0588352,0.20579864735165046
ISIC_0589061,0.19985850165987795
ISIC_0590646,0.24016322979494087
ISIC_0591142,0.20579864735165046
ISIC_0591685,0.08071917674145393
ISIC_0592225,0.09967260250899436
ISIC_0592796,0.20579864735165046
ISIC_0594374,0.4252260418092167
ISIC_0594932,0.284950360104818
ISIC_0595682,0.11592615205281888
ISIC_0596005,0.08071917674145393
ISIC_0596499,0.17048602728334133
ISIC_0598190,0.284950360104818
ISIC_0598769,0.17048602728334133
ISIC_0600649,0.08071917674145393
ISIC_0600710,0.08071917674145393
ISIC_0602170,0.09967260250899436
ISIC_0602633,0.09967260250899436
ISIC_0603307,0.4826049942050561
ISIC_0604055,0.3206564695291735
ISIC_0604516,0.20579864735165046
ISIC_0605259,0.09967260250899436
ISIC_0606244,0.17048602728334133
ISIC_0607037,0.20579864735165046
ISIC_0607397,0.41627201994215474
ISIC_0607473,0.13057304581830423
ISIC_0607693,0.08071917674145393
ISIC_0608042,0.09967260250899436
ISIC_0608105,0.09967260250899436
ISIC_0608330,0.20579864735165046
ISIC_0609220,0.11592615205281888
ISIC_0609770,0.24016322979494087
ISIC_0610325,0.08071917674145393
ISIC_0611293,0.08071917674145393
ISIC_0611390,0.08071917674145393
ISIC_0611822,0.08071917674145393
ISIC_0612337,0.08071917674145393
ISIC_0613199,0.08071917674145393
ISIC_0613239,0.13057304581830423
ISIC_0613293,0.24016322979494087
ISIC_0613555,0.11592615205281888
ISIC_0613748,0.11592615205281888
ISIC_0615241,0.08071917674145393
ISIC_0616900,0.20579864735165046
ISIC_0619695,0.11592615205281888
ISIC_0620316,0.17048602728334133
ISIC_0620379,0.11592615205281888
ISIC_0620581,0.24016322979494087
ISIC_0621355,0.08071917674145393
ISIC_0621919,0.24016322979494087
ISIC_0622203,0.24016322979494087
ISIC_0622461,0.24016322979494087
ISIC_0623254,0.24016322979494087
ISIC_0623493,0.20579864735165046
ISIC_0623650,0.09967260250899436
ISIC_0624194,0.08071917674145393
ISIC_0627128,0.17048602728334133
ISIC_0627467,0.17048602728334133
ISIC_0631039,0.09967260250899436
ISIC_0633018,0.20579864735165046
ISIC_0633831,0.2283064768128744
ISIC_0634161,0.4734379536990612
ISIC_0634896,0.20579864735165046
ISIC_0635396,0.17048602728334133
ISIC_0635721,0.17048602728334133
ISIC_0636920,0.24016322979494087
ISIC_0637104,0.17048602728334133
ISIC_0637231,0.284950360104818
ISIC_0639631,0.26009542315104067
ISIC_0640439,0.08071917674145393
ISIC_0641371,0.17048602728334133
ISIC_0644758,0.13057304581830423
ISIC_0644873,0.19985850165987795
ISIC_0645560,0.16535293053986994
ISIC_0646211,0.08071917674145393
ISIC_0646723,0.09967260250899436
ISIC_0647385,0.09967260250899436
ISIC_0649394,0.08071917674145393
ISIC_0650063,0.09967260250899436
ISIC_0650090,0.16535293053986994
ISIC_0653629,0.09967260250899436
ISIC_0653693,0.13057304581830423
ISIC_0653761,0.34718093103960707
ISIC_0654120,0.08071917674145393
ISIC_0655378,0.5157278340567415
ISIC_0655512,0.11592615205281888
ISIC_0656308,0.08071917674145393
ISIC_0660782,0.11592615205281888
ISIC_0660925,0.09967260250899436
ISIC_0662288,0.20579864735165046
ISIC_0663197,0.09967260250899436
ISIC_0663707,0.11592615205281888
ISIC_0664454,0.23484398246784025
ISIC_0664524,0.4252260418092167
ISIC_0665430,0.08071917674145393
ISIC_0665521,0.24016322979494087
ISIC_0667449,0.09967260250899436
ISIC_0668855,0.24016322979494087
ISIC_0669360,0.20579864735165046
ISIC_0671119,0.09967260250899436
ISIC_0673217,0.09967260250899436
ISIC_0673441,0.17048602728334133
ISIC_0673705,0.09967260250899436
ISIC_0673777,0.20579864735165046
ISIC_0673970,0.3206564695291735
ISIC_0674308,0.284950360104818
ISIC_0674636,0.17048602728334133
ISIC_0674769,0.5248974631242184
ISIC_0675554,0.17048602728334133
ISIC_0675743,0.20579864735165046
ISIC_0676272,0.20579864735165046
ISIC_0676443,0.09967260250899436
ISIC_0676863,0.26009542315104067
ISIC_0677660,0.11592615205281888
ISIC_0678034,0.24016322979494087
ISIC_0680997,0.20579864735165046
ISIC_0681019,0.11592615205281888
ISIC_0681410,0.17048602728334133
ISIC_0681751,0.08071917674145393
ISIC_0682057,0.17048602728334133
ISIC_0682495,0.08071917674145393
ISIC_0682907,0.24016322979494087
ISIC_0682960,0.11592615205281888
ISIC_0684256,0.11592615205281888
ISIC_0684654,0.16535293053986994
ISIC_0684862,0.09967260250899436
ISIC_0685033,0.08071917674145393
ISIC_0685067,0.16535293053986994
ISIC_0686961,0.284950360104818
ISIC_0689307,0.3206564695291735
ISIC_0692073,0.08071917674145393
ISIC_0695000,0.08071917674145393
ISIC_0695255,0.20579864735165046
ISIC_0695851,0.11592615205281888
ISIC_0697455,0.17048602728334133
ISIC_0698209,0.08071917674145393
ISIC_0700078,0.20579864735165046
ISIC_0700201,0.24016322979494087
ISIC_0701187,0.09967260250899436
ISIC_0701649,0.16535293053986994
ISIC_0701776,0.08071917674145393
ISIC_0703440,0.17048602728334133
ISIC_0703903,0.1851431994448696
ISIC_0703979,0.09967260250899436
ISIC_0704243,0.284950360104818
ISIC_0704245,0.08071917674145393
ISIC_0704435,0.4252260418092167
ISIC_0705764,0.09967260250899436
ISIC_0705909,0.08071917674145393
ISIC_0707036,0.09967260250899436
ISIC_0707359,0.24016322979494087
ISIC_0707819,0.20579864735165046
ISIC_0708442,0.08071917674145393
ISIC_0708867,0.09967260250899436
ISIC_0708878,0.11592615205281888
ISIC_0710840,0.08071917674145393
ISIC_0712978,0.08071917674145393
ISIC_0713157,0.24016322979494087
ISIC_0714126,0.09967260250899436
ISIC_0714540,0.24016322979494087
ISIC_0715784,0.24016322979494087
ISIC_0715864,0.4252260418092167
ISIC_0716650,0.19985850165987795
ISIC_0717635,0.24016322979494087
ISIC_0718698,0.09967260250899436
ISIC_0719763,0.08071917674145393
ISIC_0720050,0.20579864735165046
ISIC_0720319,0.09967260250899436
ISIC_0721575,0.20579864735165046
ISIC_0721927,0.23484398246784025
ISIC_0722065,0.17048602728334133
ISIC_0722323,0.20579864735165046
ISIC_0723369,0.24016322979494087
ISIC_0723819,0.08071917674145393
ISIC_0724106,0.09967260250899436
ISIC_0724784,0.2283064768128744
ISIC_0727953,0.4734379536990612
ISIC_0728055,0.08071917674145393
ISIC_0728474,0.3206564695291735
ISIC_0728977,0.24016322979494087
ISIC_0729188,0.11592615205281888
ISIC_0729365,0.16535293053986994
ISIC_0732158,0.08071917674145393
ISIC_0732261,0.1851431994448696
ISIC_0733408,0.284950360104818
ISIC_0734038,0.17048602728334133
ISIC_0734761,0.23484398246784025
ISIC_0735344,0.3206564695291735
ISIC_0735361,0.08071917674145393
ISIC_0735507,0.24016322979494087
ISIC_0737285,0.20579864735165046
ISIC_0737596,0.20579864735165046
ISIC_0737951,0.23484398246784025
ISIC_0738067,0.24016322979494087
ISIC_0738616,0.09967260250899436
ISIC_0739064,0.20579864735165046
ISIC_0739401,0.41627201994215474
ISIC_0740997,0.08071917674145393
ISIC_0743576,0.24016322979494087
ISIC_0743739,0.09967260250899436
ISIC_0743789,0.11592615205281888
ISIC_0746818,0.4252260418092167
ISIC_0747114,0.11592615205281888
ISIC_0748291,0.4826049942050561
ISIC_0749073,0.17048602728334133
ISIC_0749202,0.24016322979494087
ISIC_0752872,0.09967260250899436
ISIC_0753499,0.23484398246784025
ISIC_0755453,0.09967260250899436
ISIC_0756977,0.2283064768128744
ISIC_0757171,0.08071917674145393
ISIC_0758024,0.08071917674145393
ISIC_0758246,0.284950360104818
ISIC_0758568,0.08071917674145393
ISIC_0759383,0.20579864735165046
ISIC_0760154,0.11592615205281888
ISIC_0760260,0.20579864735165046
ISIC_0762091,0.09967260250899436
ISIC_0763495,0.284950360104818
ISIC_0764739,0.17048602728334133
ISIC_0765355,0.20579864735165046
ISIC_0767812,0.08071917674145393
ISIC_0769066,0.09967260250899436
ISIC_0770095,0.4826049942050561
ISIC_0770234,0.19985850165987795
ISIC_0770508,0.13057304581830423
ISIC_0770817,0.08071917674145393
ISIC_0771788,0.18319140281071586
ISIC_0772522,0.08071917674145393
ISIC_0772578,0.13057304581830423
ISIC_0772706,0.08071917674145393
ISIC_0773190,0.08071917674145393
ISIC_0774444,0.09967260250899436
ISIC_0775579,0.08071917674145393
ISIC_0775584,0.09967260250899436
ISIC_0776524,0.16535293053986994
ISIC_0776616,0.16535293053986994
ISIC_0776803,0.08071917674145393
ISIC_0776824,0.284950360104818
ISIC_0777077,0.17048602728334133
ISIC_0778512,0.20579864735165046
ISIC_0779258,0.11592615205281888
ISIC_0780165,0.26009542315104067
ISIC_0781571,0.17048602728334133
ISIC_0784160,0.24016322979494087
ISIC_0785830,0.13057304581830423
ISIC_0786267,0.17048602728334133
ISIC_0786322,0.20579864735165046
ISIC_0788550,0.24016322979494087
ISIC_0792325,0.24016322979494087
ISIC_0792492,0.30709732960033603
ISIC_0792564,0.41627201994215474
ISIC_0792986,0.3206564695291735
ISIC_0794617,0.08071917674145393
ISIC_0795653,0.08071917674145393
ISIC_0796707,0.24016322979494087
ISIC_0797113,0.23484398246784025
ISIC_0799427,0.11592615205281888
ISIC_0799785,0.4826049942050561
ISIC_0799979,0.5248974631242184
ISIC_0800693,0.3206564695291735
ISIC_0801740,0.4734379536990612
ISIC_0802693,0.23484398246784025
ISIC_0803310,0.24016322979494087
ISIC_0803341,0.08071917674145393
ISIC_0803636,0.17048602728334133
ISIC_0804023,0.284950360104818
ISIC_0805392,0.08071917674145393
ISIC_0807283,0.30709732960033603
ISIC_0807404,0.17048602728334133
ISIC_0808861,0.09967260250899436
ISIC_0809377,0.41627201994215474
ISIC_0809747,0.1851431994448696
ISIC_0810336,0.08071917674145393
ISIC_0810894,0.17048602728334133
ISIC_0811323,0.09967260250899436
ISIC_0813138,0.08071917674145393
ISIC_0813352,0.08071917674145393
ISIC_0814613,0.41627201994215474
ISIC_0816087,0.08071917674145393
ISIC_0816173,0.20579864735165046
ISIC_0817883,0.09967260250899436
ISIC_0818301,0.08071917674145393
ISIC_0821277,0.17048602728334133
ISIC_0821445,0.5248974631242184
ISIC_0821598,0.17048602728334133
ISIC_0822581,0.17048602728334133
ISIC_0823047,0.16535293053986994
ISIC_0823591,0.08071917674145393
ISIC_0824050,0.16535293053986994
ISIC_0825029,0.08071917674145393
ISIC_0825725,0.09967260250899436
ISIC_0829859,0.17048602728334133
ISIC_0830589,0.4252260418092167
ISIC_0834674,0.09967260250899436
ISIC_0835778,0.17048602728334133
ISIC_0836745,0.284950360104818
ISIC_0839044,0.09967260250899436
ISIC_0839368,0.20579864735165046
ISIC_0840535,0.4252260418092167
ISIC_0840661,0.25334433087245073
ISIC_0841028,0.09967260250899436
ISIC_0842398,0.24016322979494087
ISIC_0842798,0.20579864735165046
ISIC_0843175,0.08071917674145393
ISIC_0843626,0.11592615205281888
ISIC_0844546,0.4826049942050561
ISIC_0844930,0.08071917674145393
ISIC_0844952,0.09967260250899436
ISIC_0845696,0.2283064768128744
ISIC_0848406,0.13057304581830423
ISIC_0848986,0.284950360104818
ISIC_0851144,0.16535293053986994
ISIC_0852759,0.20579864735165046
ISIC_0853184,0.19985850165987795
ISIC_0853566,0.11592615205281888
ISIC_0853893,0.16535293053986994
ISIC_0854582,0.19985850165987795
ISIC_0855262,0.2283064768128744
ISIC_0856987,0.25334433087245073
ISIC_0857436,0.25334433087245073
ISIC_0857443,0.17048602728334133
ISIC_0857595,0.2283064768128744
ISIC_0861327,0.09967260250899436
ISIC_0862505,0.17048602728334133
ISIC_0863212,0.08071917674145393
ISIC_0864741,0.3206564695291735
ISIC_0865303,0.284950360104818
ISIC_0866123,0.09967260250899436
ISIC_0866838,0.09967260250899436
ISIC_0867509,0.17048602728334133
ISIC_0867683,0.16535293053986994
ISIC_0868513,0.41627201994215474
ISIC_0869415,0.4252260418092167
ISIC_0870455,0.4826049942050561
ISIC_0870529,0.4252260418092167
ISIC_0871473,0.19985850165987795
ISIC_0873174,0.08071917674145393
ISIC_0874437,0.09967260250899436
ISIC_0874522,0.4826049942050561
ISIC_0874582,0.20579864735165046
ISIC_0874773,0.17048602728334133
ISIC_0875072,0.4734379536990612
ISIC_0876617,0.09967260250899436
ISIC_0876689,0.24016322979494087
ISIC_0877438,0.24016322979494087
ISIC_0877919,0.09967260250899436
ISIC_0878952,0.09967260250899436
ISIC_0879061,0.2283064768128744
ISIC_0879986,0.19985850165987795
ISIC_0881100,0.08071917674145393
ISIC_0881645,0.5157278340567415
ISIC_0881966,0.19985850165987795
ISIC_0883924,0.08071917674145393
ISIC_0884023,0.08071917674145393
ISIC_0884538,0.09967260250899436
ISIC_0885369,0.08071917674145393
ISIC_0885617,0.2283064768128744
ISIC_0886447,0.40138295122350737
ISIC_0887532,0.09967260250899436
ISIC_0887743,0.23484398246784025
ISIC_0887966,0.09967260250899436
ISIC_0890305,0.24016322979494087
ISIC_0891059,0.16535293053986994
ISIC_0891718,0.09967260250899436
ISIC_0892179,0.08071917674145393
ISIC_0893984,0.19985850165987795
ISIC_0894308,0.23484398246784025
ISIC_0894646,0.17048602728334133
ISIC_0896427,0.09967260250899436
ISIC_0897639,0.1851431994448696
ISIC_0897958,0.11592615205281888
ISIC_0898069,0.08071917674145393
ISIC_0899393,0.24016322979494087
ISIC_0900251,0.08071917674145393
ISIC_0904702,0.284950360104818
ISIC_0904866,0.11592615205281888
ISIC_0906558,0.4734379536990612
ISIC_0908698,0.16535293053986994
ISIC_0908910,0.4734379536990612
ISIC_0909069,0.08071917674145393
ISIC_0910022,0.20579864735165046
ISIC_0913137,0.24016322979494087
ISIC_0915083,0.08071917674145393
ISIC_0915125,0.08071917674145393
ISIC_0915404,0.08071917674145393
ISIC_0915906,0.19985850165987795
ISIC_0916159,0.20579864735165046
ISIC_0916649,0.24016322979494087
ISIC_0917619,0.11592615205281888
ISIC_0917843,0.08071917674145393
ISIC_0920023,0.09967260250899436
ISIC_0923085,0.08071917674145393
ISIC_0923805,0.09967260250899436
ISIC_0924293,0.08071917674145393
ISIC_0924421,0.17048602728334133
ISIC_0925021,0.4252260418092167
ISIC_0925309,0.11592615205281888
ISIC_0925595,0.11592615205281888
ISIC_0928578,0.284950360104818
ISIC_0929007,0.284950360104818
ISIC_0929505,0.4252260418092167
ISIC_0929834,0.3206564695291735
ISIC_0930476,0.11592615205281888
ISIC_0931223,0.08071917674145393
ISIC_0931237,0.23484398246784025
ISIC_0931921,0.17048602728334133
ISIC_0932157,0.24016322979494087
ISIC_0932935,0.08071917674145393
ISIC_0934095,0.24016322979494087
ISIC_0935275,0.08071917674145393
ISIC_0935315,0.4734379536990612
ISIC_0935644,0.17048602728334133
ISIC_0936377,0.4826049942050561
ISIC_0936437,0.09967260250899436
ISIC_0936718,0.19985850165987795
ISIC_0937409,0.08071917674145393
ISIC_0939822,0.08071917674145393
ISIC_0940257,0.08071917674145393
ISIC_0941443,0.08071917674145393
ISIC_0943849,0.23484398246784025
ISIC_0945202,0.284950360104818
ISIC_0946365,0.20579864735165046
ISIC_0946870,0.17048602728334133
ISIC_0948167,0.08071917674145393
ISIC_0949276,0.24016322979494087
ISIC_0949297,0.41627201994215474
ISIC_0950488,0.17048602728334133
ISIC_0951638,0.284950360104818
ISIC_0951713,0.13057304581830423
ISIC_0951865,0.08071917674145393
ISIC_0953153,0.08071917674145393
ISIC_0953256,0.17048602728334133
ISIC_0953764,0.17048602728334133
ISIC_0954001,0.08071917674145393
ISIC_0954003,0.11592615205281888
ISIC_0955375,0.17048602728334133
ISIC_0955990,0.2283064768128744
ISIC_0957317,0.08071917674145393
ISIC_0957556,0.20579864735165046
ISIC_0958029,0.5248974631242184
ISIC_0958136,0.20579864735165046
ISIC_0958433,0.17048602728334133
ISIC_0959042,0.19985850165987795
ISIC_0959864,0.08071917674145393
ISIC_0960354,0.20579864735165046
ISIC_0960568,0.284950360104818
ISIC_0960806,0.08071917674145393
ISIC_0960859,0.20579864735165046
ISIC_0960920,0.17048602728334133
ISIC_0962274,0.19985850165987795
ISIC_0963642,0.11592615205281888
ISIC_0963700,0.23484398246784025
ISIC_0963827,0.08071917674145393
ISIC_0964240,0.08071917674145393
ISIC_0965703,0.08071917674145393
ISIC_0966701,0.11592615205281888
ISIC_0968444,0.11592615205281888
ISIC_0969096,0.08071917674145393
ISIC_0969318,0.08071917674145393
ISIC_0969723,0.20579864735165046
ISIC_0969858,0.4252260418092167
ISIC_0971824,0.11592615205281888
ISIC_0973496,0.13057304581830423
ISIC_0973792,0.08071917674145393
ISIC_0974607,0.284950360104818
ISIC_0974656,0.15920520360146875
ISIC_0975302,0.08071917674145393
ISIC_0975751,0.30709732960033603
ISIC_0976336,0.19985850165987795
